username,googleId
fake_player,def
Mary Woodard,marywoodard
Samantha Brooks,samanthabrooks
Michael Larson,michaellarson
Brittany Cox,brittanycox
Colleen Romero,colleenromero
Evan Steele,evansteele
Douglas Mason,douglasmason
Nicole Carter,nicolecarter
Veronica Carey,veronicacarey
David Williams,davidwilliams
Jesus Wilson,jesuswilson
Marie Freeman,mariefreeman
Gerald Marsh,geraldmarsh
Gabriela Ramos,gabrielaramos
Bonnie Bailey,bonniebailey
Anthony Todd,anthonytodd
William Cook,williamcook
Dr. Lucas Mcclain III,dr.lucasmcclainiii
Brian Graves,briangraves
David Duarte,davidduarte
Jamie Nichols,jamienichols
Philip Ashley,philipashley
Patrick Holmes,patrickholmes
Mark Phillips,markphillips
Jeffrey Nichols,jeffreynichols
Stanley Swanson,stanleyswanson
Jenna Johnson,jennajohnson
Ashley Wilson,ashleywilson
Melissa Morrison,melissamorrison
Spencer Stein,spencerstein
Paul Conway,paulconway
Casey Hansen,caseyhansen
Diane Williamson,dianewilliamson
Kristin Kidd,kristinkidd
Jessica Taylor,jessicataylor
Rebecca Smith,rebeccasmith
Amber Johnson,amberjohnson
Linda Stevens,lindastevens
Marie Wood,mariewood
Christopher Walker,christopherwalker
Rebecca Wood,rebeccawood
Kayla Thomas,kaylathomas
Connie Salas,conniesalas
James Le,jamesle
David Garrison,davidgarrison
Steven Carey,stevencarey
Charles Gutierrez,charlesgutierrez
Natalie George,nataliegeorge
Charles Nguyen,charlesnguyen
Diana Wiggins MD,dianawigginsmd